1,1,Mr.,Zhang,Dora,OS,4,5,DoraZhang@ku.ac.th
2,2,Mr.,Gibbons,Raees,AI,2,6,RaeesGibbons@ku.ac.th
3,1,Ms.,Daanish,Wolfe,Game,4,3,WolfeDaanish@ku.ac.th
4,1,Ms.,Mcdaniel,Cloe ,Data,5,2,Cloe Mcdaniel@ku.ac.th
5,1,Mr.,Peter,Parker,Image,3,8,ParkerPeter@ku.ac.th
6,1,Mr.,Mack ,Wolfe,Unity,7,1,WolfeMack @ku.ac.th
